{"cc": 1990.757359616, "stack": 352.357650432, "c4": 173.131020288, "reddit": 79.316946944, "pes2o": 59.71313664, "books": 5.222713344, "wiki": 3.741769728}