{"pile-cc": 52.930412544, "pubmed-central": 45.36479744, "books3": 37.702985728, "openwebtext2": 29.55450368, "arxiv": 37.134168064, "github": 32.1870848, "freelaw": 19.055310848, "stackexchange": 18.239664128, "uspto-backgrounds": 9.792878592, "pubmed-abstracts": 8.60530688, "gutenberg-(pg-19)": 6.847735808, "opensubtitles": 5.44412672, "wikipedia-(en)": 12.355213312, "dm-mathematics": 7.8749184, "ubuntu-irc": 3.97621248, "bookcorpus2": 2.268383232, "europarl": 2.812762112, "hackernews": 2.031828992, "youtubesubtitles": 2.565562368, "philpapers": 1.187039232, "nih-exporter": 0.749049856, "enron-emails": 0.4667904}