{"c4": 96.397938688, "refined-web": 560.078579712, "dolma-cc-filtered": 2325.435396096, "gutenberg-books": 4.541763584, "wiki-markdown": 7.77909248, "arxiv": 27.708024832, "peS20": 58.916755456, "stack_exchange": 17.894301696, "reddit": 76.663601152, "starcoderdata": 217.682176, "flan": 6.46100992}